{"inputUnits":[34],"outputUnits":7,"inputs":{"0":{"dtype":"number","min":272.3340944286443,"max":402.67268487584516},"1":{"dtype":"number","min":127.45130037006578,"max":310.2977064106664},"2":{"dtype":"number","min":269.209645886635,"max":412.17203300134014},"3":{"dtype":"number","min":123.00829197695845,"max":302.4602709318462},"4":{"dtype":"number","min":265.3863132766813,"max":400.17458575510835},"5":{"dtype":"number","min":122.4913628710176,"max":303.5523496036641},"6":{"dtype":"number","min":252.78030365763584,"max":417.53975658156486},"7":{"dtype":"number","min":126.14146807040387,"max":299.0580984862924},"8":{"dtype":"number","min":260.22892578303464,"max":387.686264305784},"9":{"dtype":"number","min":126.40200966282893,"max":301.7675700940584},"10":{"dtype":"number","min":237.1363735384876,"max":434.3189071447064},"11":{"dtype":"number","min":148.7733658758985,"max":318.29265200371395},"12":{"dtype":"number","min":258.1795558223018,"max":389.72757499352764},"13":{"dtype":"number","min":148.4856582849811,"max":324.63706866110044},"14":{"dtype":"number","min":230.74474074454798,"max":487.39719442921535},"15":{"dtype":"number","min":116.68691237302784,"max":366.07665301763524},"16":{"dtype":"number","min":228.80702801382796,"max":358.23016949332015},"17":{"dtype":"number","min":96.58648812515227,"max":370.67578291567673},"18":{"dtype":"number","min":233.9321578176398,"max":507.2374250921357},"19":{"dtype":"number","min":54.88529435840033,"max":402.8465473256845},"20":{"dtype":"number","min":170.2937105710511,"max":381.2012164913423},"21":{"dtype":"number","min":41.26379775257371,"max":399.28338681048115},"22":{"dtype":"number","min":247.50941523799187,"max":424.6746427599217},"23":{"dtype":"number","min":246.31955628274244,"max":379.88175301059175},"24":{"dtype":"number","min":256.22706363075656,"max":399.2110408165766},"25":{"dtype":"number","min":245.63879180372805,"max":385.4359254595364},"26":{"dtype":"number","min":245.08070977342987,"max":426.3558216355232},"27":{"dtype":"number","min":265.6940732364766,"max":411.5352043166727},"28":{"dtype":"number","min":266.8942480849476,"max":348.2906592891462},"29":{"dtype":"number","min":262.22150241189996,"max":411.829247428195},"30":{"dtype":"number","min":241.1512280440005,"max":420.9182043242873},"31":{"dtype":"number","min":311.91114280656063,"max":460.1298112478869},"32":{"dtype":"number","min":251.67208249573585,"max":383.0287223949767},"33":{"dtype":"number","min":311.16383691977336,"max":459.3372941342478}},"outputs":{"0":{"dtype":"string","min":0,"max":1,"uniqueValues":["o","p","m","b","t","h","k"],"legend":{"o":[1,0,0,0,0,0,0],"p":[0,1,0,0,0,0,0],"m":[0,0,1,0,0,0,0],"b":[0,0,0,1,0,0,0],"t":[0,0,0,0,1,0,0],"h":[0,0,0,0,0,1,0],"k":[0,0,0,0,0,0,1]}}},"isNormalized":true}